-19.991316145635402,5.385517049030902e-05
-19.991316145635402,2.8265170248523505e-05
-19.92014520871252,0.00011537398551503648
-19.826097899207284,0.0002582721896634798
-19.48295231047196,0.0004993631953495179
-19.134359966359884,0.00016676083704981716
-19.076261242341204,9.67722545399101e-05
-18.984755752011786,3.470042664989791e-05
-18.759945967128395,1.32800329881978e-05
-18.720406557726797,2.5783477614547193e-06
-18.64184123774699,5.138303342164935e-06
-18.161206339047006,1.3786701559098284e-05
-18.161206339047006,5.128815982681297e-05
-18.147341870815275,2.997118753024504e-05
-17.67594995093645,1.4560535003610298e-05
-17.47491516157636,5.465004091532905e-05
-17.37324239454367,0.00013688123114687355
-17.296987819269155,0.00029467644490218016
-17.07669682403166,0.0008339203127494448
-16.824935686617387,0.001153510267615605
-16.55986025828216,0.00048258001082824637
-16.22306921748638,0.00019456197902142596
-16.21555929719419,9.347830669685608e-05
-16.17858738190958,5.710573826537239e-05
-15.924405464327856,0.00024716580436820283
-15.837257378299839,0.0006365931501985892
-15.466878012680759,0.0015574833623425203
-15.118285668568683,0.0005276070242499328
-14.983932369275488,0.00018986846144365644
-14.78058683521011,8.419795408514213e-05
-14.729750451693766,3.232807888815041e-05
-14.217755446279154,0.00016399173766423042
-13.767490335134392,5.6157485261000136e-05
-13.732086425185509,5.7027511651019434e-06
-13.687604589608707,1.1507535134043008e-05
-13.665817568101703,3.138980755581306e-06
-13.6571027594989,2.6578265963155818e-05
-13.433422672026985,0.0001131419814268199
-13.408004480268813,0.00025953663727792747
-13.31141535158776,0.0006772807411803801
-13.217368042082523,0.0014062891705648208
-12.883465432168352,0.0030426519200584144
-12.569204152249132,0.0011795533712656632
-12.457364108513175,0.0005549204784312439
-12.31502223466741,0.00027100975792392323
-12.293235213160404,6.865510505417162e-05
-12.252888877036323,0.00014164169139862314
-12.220611808137058,3.648808833540657e-05
-12.010003933569344,0.0004188509396854284
-11.984585741811172,0.0009239876298646278
-11.938832996646463,0.002103039375646124
-11.826992952910503,0.004967621179433466
-11.484694637233785,0.009609470517376553
-11.196621797307836,0.004103081969188526
-11.105116306978415,0.0014008054068326305
-10.815348920935254,3.6526294536167004e-05
-10.805181644231984,0.00021982834723535108
-10.80379519740881,8.538378324413506e-05
-10.768748902711936,0.0006876127415613701
-10.484912428079014,0.0012028229650427292
-10.459494236320843,0.0027057800438658733
-10.154475935222777,0.008320110793676044
-10.09208582817999,0.005509806117546579
-9.803704888960002,0.002074476519677452
-9.542128588321354,0.0004476953812252834
-9.513372654211103,0.0009670800531065902
-9.010657306105031,0.0025023959519657087
-8.985239114346857,0.004698602894561534
-8.541832880343186,0.0009330570842063518
-8.444194746922907,4.78985883553952e-05
-8.442214108604087,0.00033132187658506477
-8.441289810721972,2.298963563434646e-05
-8.4006207039089,1.4266175948866171e-05
-8.391377725087743,0.00011525111226708639
-8.337075224513466,0.0020383221314581408
-8.197275169843522,0.000669388515954435
-8.146438786327177,0.0017865083186611157
-8.121020594569003,0.005547326404875653
-8.02443146588795,0.015317825108713748
-7.74539620525379,0.035085332049014636
-7.714329526438249,0.05507661601420799
-7.316111188893554,0.012787323210968867
-7.136065663939831,0.0008157929033744786
-7.134794754351926,0.0015935766927749825
-7.117002020121205,0.0046387507902301865
-6.850111006660395,0.016809595171194226
-6.850111006660395,0.009492855862906682
-6.799274623144051,0.04009593800392918
-6.697601856111362,0.1269589057750584
-6.437065390590099,0.2739840014273619
-6.324801710324838,0.4180172403749549
-6.041812508750521,0.15770187200937208
-5.774074222231107,0.019147762053274443
-5.750774213119449,0.03721814202828067
-5.706292377542649,0.0787648784458524
-5.452110459960927,0.10341414883752827
-5.426692268202753,0.2577581133512752
-5.325019501170065,0.6315694670151224
-5.026355748011543,1.1815254139889801
-5.020001200071999,1.8676242999063817
-4.723455629559993,0.8241707452219906
-4.4353827896340405,0.21803132962170932
-4.40996459787587,0.011826144520560234
-4.40149186728981,0.027039836169543825
-4.397255501996781,0.0718725936503329
-4.1303644885359745,0.3058076544388739
-4.104946296777804,0.7659523676951056
-4.003273529745115,2.2103701600704606
-3.738198101409889,6.538276125234998
-3.579637000442247,9.520343432864543
-3.2915641605162946,3.6912463560472095
-2.8764003617994796,1.9884257809199355
-2.6815275583201625,5.095196422525209
-2.579854791287474,10.968884158099007
-2.478182024254785,31.96448808196633
-2.359563796049983,97.81001936875938
-2.325672873705752,229.91292253432002
-2.218916468321428,633.7076610296491
-2.173163723156719,1456.5059467047702
-2.0714909561240304,3983.310779042784
-1.9698181890913418,11721.725656804296
-1.868145422058653,31131.303779518104
-1.7664726550259644,80685.95098779633
-1.6698835263449112,214709.91019329897
-1.563127120960587,496387.26332019904
-1.4614543539278984,971543.1347088816
-1.3546979485435742,1899675.1391340683
-1.2072724363461766,3956014.3880510475
-1.0039269022807993,9575557.582764465
-0.8005813682154219,18514115.042788547
-0.3938903000846672,64322852.815634444
-0.01445086705201959,73389355.69630764
0.36865545266049793,54588194.54670232
0.7499283290330787,25332205.70155124
0.97869205485663,11842102.732072445
1.1493570566615006,5004610.101487213
1.2887939943063316,2332182.585300354
1.4311358681520936,1074148.6301611313
1.5378922735364178,514906.46578913834
1.6395650405691065,247499.33015742566
1.7158196158436212,122802.2707484582
1.8073251061730389,54804.023318439286
1.8937469581508282,22886.137137156788
1.9954197251835168,8491.87617693851
2.0970924922162055,2857.6842040020965
2.198765259248894,987.8487936936459
2.2241834510070646,326.7965435150079
2.2496016427652386,451.09223790588294
2.3258562180397533,176.61509843236894
2.4021107933142716,80.06102847055453
2.440238080951527,37.37151246586043
2.5164926562260455,17.832195380302977
2.605456327379649,7.136937885490966
2.8963534108342834,2.605391416531237
3.026268613153835,1.5374530749402004
3.3171656966084697,4.735278200943183
3.67302038122288,8.634397524818233
3.9322859371562338,3.400476263616474
4.04412598089219,1.4622646257033292
4.130547832869976,0.5310367831202699
4.359311558693527,0.0845891727139597
4.395623261205198,0.01380734240040996
4.410147942209871,0.036011212519399115
4.414769431620449,0.1928858471866581
4.689748051549763,0.5535455310136526
4.969348160889659,1.1432102856692148
5.050686374515809,1.653773007705951
5.345537398910604,0.5182263127058904
5.414166516657669,0.22481409601884142
5.604802954843965,0.09265243002076137
5.731893913634824,0.018354213215406635
5.777646658799529,0.04243305611831719
6.062330406491061,0.16853218062812156
6.405475995226393,0.33718552872837687
6.672367008687193,0.13073423905422948
6.774039775719881,0.06102514966225813
6.819792520884594,0.025784539279085486
6.9434943874410315,0.009919416952275295
7.114643545279389,0.0014424606750296333
7.129894460334295,0.0007788075438164947
7.132205205039579,0.003842562323663943
7.3840763779160135,0.008079843275442151
7.502694606120816,0.02043611818956123
7.71451287077225,0.04327783782563639
8.03986572527685,0.015576475823080286
8.090702108793199,0.006816966113905808
8.188985783591466,0.002406510708655096
8.38264819698706,5.078963124619959e-05
8.389910537489403,0.0005733388149949469
8.4008040482429,1.5053548724748598e-05
8.42622224000107,9.900314557186445e-05
8.42622224000107,2.7448930840602035e-05
8.443167701173191,0.001156733946807187
8.443167701173191,0.00023309665434612605
8.900695152820287,0.0012028229650427292
8.974528947927357,0.003137107211600813
9.500140841783843,0.00072026728463201
9.544622677360646,0.0004277102099153305
9.631770763388662,0.0015658035221165884
10.01231740571102,0.003929516244059788
10.212758003575455,0.007007935532723843
10.48001213406138,0.0023738261952054923
10.603714000617824,0.0010088919925921617
10.774863158456181,8.759551532138773e-05
10.801667797037528,0.00044295021286090594
10.807059534683201,4.6288756365045216e-05
10.82569954197253,0.00016351189449626452
11.095132374609147,0.0015205863686879595
11.214960992897677,0.004459061204939947
11.527241634498079,0.0101601113790317
11.85259448900268,0.003929516244059788
11.921223606749745,0.0017865083186611157
12.01527091625498,0.0008612383149060327
12.188114620210552,2.7718357418341588e-05
12.21716398221989,0.0004349323547401519
12.244034642078535,5.3071861245884465e-05
12.258503458925492,0.00014651265878336953
12.543969304824959,0.00035131966334157666
12.569387496583136,0.0006130554240263124
12.620223880099477,0.001420092683741265
12.967605834127834,0.002961634918320231
13.276013227460322,0.0010148220843151626
13.326849610976662,0.00044936817176873624
13.408187824602816,0.00016452654845446095
13.605884871610822,5.655066195266303e-05
13.636951550426364,2.895954127157027e-06
13.675078838063623,5.836591638489697e-06
13.72102710778032,1.9267813066720962e-05
13.992806235040778,6.235313136761238e-05
14.234279056743414,0.00013489032975765852
14.246988152622496,0.0002679078014648033
14.69180650839051,3.369835040360978e-05
14.78077017954411,2.235847735180066e-05
14.857024754818628,8.260941115755403e-05
15.009533905367665,0.0002348105378263701
15.111206672400353,0.0004814030244550968
15.299301291410824,0.0010823992672995939
15.53060683641019,0.0015486916288677452
15.835625137508256,0.000659652436616368
15.924588808661863,0.00033621199128458106
16.185125274183125,8.798138570317683e-05
16.2397743864632,0.00018170361686258745
16.51937449580309,0.000465450730062176
16.86506190371423,0.0010635349981950519
16.86506190371423,0.001392619829599948
17.208207492449556,0.000521802060078436
17.297171163603156,0.00026987763992707836
17.398843930635845,0.00012505609699762306
17.44459667580055,5.6110488133007576e-05
17.70386223173391,1.2351998404283324e-05
17.759782253601887,2.5509973133534637e-05
18.247811535358796,4.373927487845158e-05
18.624000773379745,1.697525084783784e-05
18.690550220892046,7.32302870776478e-06
18.74600809381897,2.4769586531450934e-06
18.796844477335316,1.5088092420683862e-06
18.983244550228573,1.912358466881486e-05
19.025608203158864,5.128815982681297e-05
19.122197331839917,0.0001304841679695647
19.234037375575877,0.00029640850181184773
19.58480842183865,0.0004835236714786276
19.84407397777201,0.00019098447524883402
19.986415851617767,7.975503670990707e-05
20.037252235134115,3.1226304678592965e-05
20.160954101690553,1.0747016274945732e-05
20.29651779106747,4.594401004731187e-06
20.34042194046795,1.8326935245805763e-06
20.44055421103045,1.0824413602363558e-06
20.76493875346807,1.3586177622713987e-05
20.88113620150543,5.319364636586636e-06
20.93197258502178,2.602477222521031e-05
21.186154502603497,7.93933490155568e-06
21.40983459007541,3.2608639359888277e-06
21.51023644752019,1.3567566521453307e-06
21.74535472128328,5.808156098709275e-06
21.74535472128328,3.138980755581306e-06
21.775856551393094,1.1942689145977262e-05
21.8216092965578,2.6461698514796965e-05
21.928365701942123,5.545664315712405e-05
22.28109199372476,9.188303304931105e-05
22.579071410951332,2.9276760024467632e-05
22.629907794467673,1.180352323321383e-05
22.892804520652195,4.974751217820872e-06
22.965427925675545,2.3331150468017708e-06
22.965427925675545,1.309557285146915e-06
23.21960984325727,5.808156098709275e-06
23.290780780180153,1.2963892223911546e-05
23.592409989043798,3.139451111767929e-05
23.900817382376285,1.2154520540584892e-05
23.951653765892626,5.196115829272008e-06
24.244810244170214,1.968930580685518e-06
24.312592088858676,1.0930661263879353e-06
24.541355814682223,2.6717431420011102e-06
24.566774006440394,7.785741976089065e-06
24.673530411824718,1.953897735888622e-05
25.011592362208408,3.0787158629599875e-05
25.278483375669214,1.0135275566523737e-05
25.32423612083392,4.9581190136233776e-06
25.59505540029372,1.6386983036991378e-06
25.71059263555814,1.247137140807449e-06
25.939356361381687,3.948907910143736e-06
26.015610936656206,1.0684216309075821e-05
26.3480026750323,1.9574243147415907e-05
26.651065730610508,6.219173644104363e-06
26.701902114126856,2.5756508311075306e-06
27.038693154922637,1.3321345789072392e-06
27.286520524564818,1.6474523180519872e-06
27.311938716322988,4.026809839103078e-06
27.400902387476588,1.0209796933678904e-05
27.756757072091002,1.659814171527663e-05
28.02364808555181,5.765762333589553e-06
28.06940083071652,2.7271123126766378e-06
28.37103003958016,1.309557285146915e-06
28.65910287950611,1.4229249360430636e-06
28.731726284529454,2.8389390002762476e-06
28.964121180604177,8.0172639052198e-06
29.123892671655543,1.275930203573564e-05
29.391146802141474,4.648569916571486e-06
29.459775919888532,1.9497922811046965e-06
29.63770326219574,1.1847955404866429e-06
30.107939809721923,1.6799523703107684e-06
30.33670353554547,4.575208322880818e-06
30.496475026596844,7.624473924713578e-06
30.763729157082768,2.791797810651283e-06
30.832358274829833,1.2842228286734335e-06
31.480522164663224,1.4229249360430636e-06
31.58727857004754,3.6342894773378936e-06
31.91263142455215,6.219173644104363e-06
32.1413951503757,2.791797810651283e-06
32.24815155576002,1.389955998350898e-06
32.92935909487903,1.4229249360430636e-06
33.25979558773527,4.7310231259217235e-06
33.271349311261716,3.0564648468840996e-06
33.57752298471243,1.4439264654855828e-06
34.3273596415785,1.4724114693135617e-06
34.600605202978855,3.797596126140127e-06
34.65779613443475,4.7310231259217235e-06
